{
  "secondsMaximum": 14.0,
  "secondsMinimum": 12.0,
  "absorptionStunSeconds": 10.0,
  "effects": {
    "spire": "strength",
    "eye": "regeneration",
    "snout": "fire_resistance",
    "rib": "haste",
    "vex": "invisibility",
    "ward": "absorption",
    "tide": "luck",
    "wild": "hero_of_the_village",
    "coast": "water_breathing",
    "dune": "speed",
    "sentry": "resistance",
    "wayfinder": "jump_boost",
    "shaper": "saturation",
    "silence": "night_vision",
    "raiser": "saturation",
    "host": "glowing"
  },
  "strengths": {
    "diamond": 1,
    "netherite": 2
  }
}